user_id,password,role
harper.jones01@university.edu,rCLLLix,Student
elijah.thomas02@university.edu,oqDI37f,Student
mia.davis03@university.edu,C4S2aVY,Student
ethan.williams04@university.edu,iO0wBSr,Student
ava.miller05@university.edu,ksphirlsyv678,Student
abigail.williams06@university.edu,1ggBzkr,Student
lucas.taylor07@university.edu,mNnD6Oa,Student
logan.smith08@university.edu,J5sWayQ,Student
lucas.garcia09@university.edu,znmCQ3V,Student
benjamin.davis10@university.edu,Ap6VI52,Student
ava.smith11@university.edu,ugysrwc,Student
elijah.garcia12@university.edu,Sc51ydV,Student
abigail.martinez13@university.edu,wkfm3Df,Student
mason.thomas14@university.edu,38YugeN,Student
benjamin.smith15@university.edu,chtJSSw,Student
evelyn.martin16@university.edu,Ou0boLQ,Student
isabella.johnson17@university.edu,tb7gpdi,Student
benjamin.miller18@university.edu,Rs32Brq,Student
evelyn.davis19@university.edu,wFYYYKO,Student
isabella.brown20@university.edu,qNAnaLR,Student
ethan.anderson21@university.edu,XON0qAK,Student
james.lopez22@university.edu,wPUsqdU,Student
ethan.garcia23@university.edu,thc9n23,Student
harper.davis24@university.edu,shsSZw9,Student
liam.garcia25@university.edu,51fNbdJ,Student
isabella.martin26@university.edu,BMpk4uD,Student
ava.brown27@university.edu,QOwNqNl,Student
ava.jackson28@university.edu,WRMmino,Student
benjamin.smith29@university.edu,MSHULgD,Student
ava.johnson30@university.edu,Dquo3B7,Student
ava.jackson31@university.edu,MBYrpxD,Student
logan.jackson32@university.edu,71oa4VF,Student
olivia.martin33@university.edu,6Rw9Md5,Student
isabella.rodriguez34@university.edu,GvxlSWL,Student
isabella.rodriguez35@university.edu,4bUQ8Z0,Student
mia.jones36@university.edu,7Plfi8f,Student
evelyn.jones37@university.edu,NrgEA8L,Student
emily.garcia38@university.edu,r3CBOHZ,Student
abigail.miller39@university.edu,bljaE8L,Student
harper.anderson40@university.edu,Caspgkc,Student
ethan.garcia41@university.edu,GC0i5cl,Student
emma.martinez42@university.edu,rzLvrlq,Student
emily.gonzalez43@university.edu,QbiOyDs,Student
sophia.hernandez44@university.edu,TLe8ZgK,Student
evelyn.garcia45@university.edu,Qfh6PKF,Student
james.taylor46@university.edu,1sY1X30,Student
mia.rodriguez47@university.edu,Tx2YcfX,Student
lucas.rodriguez48@university.edu,jvkKoWs,Student
amelia.garcia49@university.edu,lcF1hyQ,Student
noah.lopez50@university.edu,eUTVQ1f,Student
evelyn.martin51@university.edu,gSKB0SK,Student
abigail.martinez52@university.edu,IZyGC2R,Student
isabella.garcia53@university.edu,ydtnMmJ,Student
ethan.thomas54@university.edu,JO3imKS,Student
ethan.jones55@university.edu,0nfShUs,Student
ava.johnson56@university.edu,kU3v84D,Student
benjamin.gonzalez57@university.edu,XuM50gE,Student
harper.garcia58@university.edu,KzMKJIX,Student
amelia.wilson59@university.edu,wkFTQSH,Student
mia.martinez60@university.edu,rk4RTHB,Student
noah.miller61@university.edu,4n7HHly,Student
benjamin.gonzalez62@university.edu,Yfd1hqq,Student
abigail.jackson63@university.edu,i2WpUFi,Student
isabella.smith64@university.edu,3zQ1lAO,Student
liam.williams65@university.edu,K4rywxC,Student
olivia.martin66@university.edu,yFInq8P,Student
isabella.moore67@university.edu,SuBC2UI,Student
amelia.martinez68@university.edu,NsoIDHM,Student
liam.garcia69@university.edu,XzPKblb,Student
harper.martinez70@university.edu,tZmbx6B,Student
lucas.taylor71@university.edu,OHyxOBY,Student
noah.williams72@university.edu,jcDSeiV,Student
logan.moore73@university.edu,GJNm902,Student
liam.williams74@university.edu,ZjeHMxF,Student
evelyn.martin75@university.edu,RiaTeww567,Student
ethan.gonzalez76@university.edu,jA2STjJ,Student
james.moore77@university.edu,JHcLj3O,Student
olivia.miller78@university.edu,VVj9WB3,Student
logan.taylor79@university.edu,M39Fr25,Student
lucas.martin80@university.edu,sDGVSp1,Student
liam.davis81@university.edu,u4mUf8X,Student
abigail.lopez82@university.edu,p07xLAF,Student
harper.garcia83@university.edu,G92a6zU,Student
benjamin.rodriguez84@university.edu,8FbG1Go,Student
mia.johnson85@university.edu,ekTv4mG,Student
isabella.anderson86@university.edu,JMzT15n,Student
harper.jones87@university.edu,zKNjRrX,Student
emma.brown88@university.edu,mNmWXAx,Student
isabella.williams89@university.edu,baEmvPD,Student
olivia.rodriguez90@university.edu,ZnfZzIJ,Student
emma.davis91@university.edu,d6tYc2O,Student
isabella.anderson92@university.edu,pKkMReT,Student
james.garcia93@university.edu,Nlpm2bT,Student
mia.martin94@university.edu,fJQLf9X,Student
isabella.anderson95@university.edu,Wn0FVFA,Student
laura.clark01@university.edu,QXVv6HK,Professor
sarah.turner02@university.edu,0T442Pz,Professor
sarah.morris03@university.edu,go4STEE,Professor
anna.evans04@university.edu,1ZEQEBv,Professor
laura.rogers05@university.edu,SQGWG6O,Professor
emily.parker06@university.edu,t5pX2p2,Professor
jessica.morris07@university.edu,Ka1HLUJ,Professor
james.reed08@university.edu,feziLEl,Professor
michael.reed09@university.edu,SEz25vs,Professor
robert.parker10@university.edu,riaTewwasvh676,Professor & Administrator
linda.adams11@university.edu,99oYlyz,Professor
linda.campbell12@university.edu,HsvaTeww!,Professor
karen.adams13@university.edu,PEBcSdx,Professor
admin@university.edu,pmxNlpa,Admin
jane@test.edu,GlerkiQi567,Professor
